Bitcoin,Cardano
Bitcoin,Stellar
Bitcoin,Ethereum-classic
Bitcoin,Bitcoin-private
Bitcoin,BitShares
Bitcoin,Siacoin
Bitcoin,Bitcoin-diamond
Bitcoin,Dogecoin
Bitcoin,Stratis
Bitcoin,Ardor
Ethereum,Ripple
Ethereum,Litecoin
Ethereum,Ethereum-classic
Ethereum,Lisk
Ethereum,Hshare
Ripple,Bitcoin-cash
Ripple,Litecoin
Ripple,Stellar
Ripple,NEO
Ripple,Ethereum-classic
Ripple,Lisk
Ripple,Zcash
Ripple,Wanchain
Ripple,Dogecoin
Ripple,Stratis
Ripple,Ark
Ripple,Syscoin
Bitcoin-cash,Litecoin
Bitcoin-cash,IOTA
Bitcoin-cash,Lisk
Bitcoin-cash,Steem
Bitcoin-cash,Hshare
Litecoin,Ethereum-classic
Litecoin,Dogecoin
Litecoin,Hshare
Cardano,Stellar
Cardano,Bitcoin-private
Cardano,BitShares
Cardano,Siacoin
Cardano,Bitcoin-diamond
Cardano,Dogecoin
Cardano,Stratis
Cardano,Ardor
Cardano,DigiByte
Stellar,NEO
Stellar,Monero
Stellar,Dash
Stellar,NEM
Stellar,Ethereum-classic
Stellar,Bitcoin-gold
Stellar,Bitcoin-private
Stellar,Verge
Stellar,Bytecoin-bcn
Stellar,BitShares
Stellar,Siacoin
Stellar,Bitcoin-diamond
Stellar,Dogecoin
Stellar,Stratis
Stellar,Decred
Stellar,Komodo
Stellar,Ardor
Stellar,DigiByte
Stellar,Hshare
Stellar,Ark
IOTA,Ethereum-classic
IOTA,Lisk
IOTA,Steem
IOTA,Hshare
NEO,Monero
NEO,Dash
NEO,NEM
NEO,Ethereum-classic
NEO,Bitcoin-diamond
NEO,Dogecoin
NEO,Stratis
NEO,Hshare
NEO,Ark
Monero,Dash
Monero,NEM
Monero,Ethereum-classic
Monero,Decred
Dash,NEM
Dash,Zcash
Dash,Hshare
Dash,Ark
NEM,Ethereum-classic
NEM,Bitcoin-gold
NEM,Bitcoin-diamond
NEM,Dogecoin
NEM,Stratis
NEM,Decred
NEM,Hshare
NEM,Ark
Ethereum-classic,Bitcoin-private
Ethereum-classic,Bitcoin-diamond
Ethereum-classic,Dogecoin
Ethereum-classic,Hshare
Qtum,Lisk
Qtum,Zcash
Qtum,Bitcoin-private
Qtum,Verge
Qtum,Bytecoin-bcn
Qtum,Steem
Qtum,BitShares
Qtum,Siacoin
Qtum,Wanchain
Qtum,Bitcoin-diamond
Qtum,Dogecoin
Qtum,Stratis
Qtum,Decred
Qtum,Ardor
Qtum,DigiByte
Qtum,Ark
Qtum,Syscoin
Lisk,Zcash
Lisk,Hshare
Lisk,Syscoin
Bitcoin-gold,Zcash
Bitcoin-gold,Bitcoin-private
Bitcoin-gold,Verge
Bitcoin-gold,Nano
Bitcoin-gold,Bytecoin-bcn
Bitcoin-gold,Steem
Bitcoin-gold,BitShares
Bitcoin-gold,Siacoin
Bitcoin-gold,Wanchain
Bitcoin-gold,Bitcoin-diamond
Bitcoin-gold,Dogecoin
Bitcoin-gold,Stratis
Bitcoin-gold,Decred
Bitcoin-gold,Ardor
Bitcoin-gold,DigiByte
Bitcoin-gold,Ark
Bitcoin-gold,PIVX
Bitcoin-gold,Syscoin
Zcash,Hshare
Zcash,Syscoin
Bitcoin-private,Verge
Bitcoin-private,Bytecoin-bcn
Bitcoin-private,BitShares
Bitcoin-private,Siacoin
Bitcoin-private,Bitcoin-diamond
Bitcoin-private,Dogecoin
Bitcoin-private,Stratis
Bitcoin-private,Decred
Bitcoin-private,Komodo
Bitcoin-private,Ardor
Bitcoin-private,Hshare
Bitcoin-private,Ark
Bitcoin-private,PIVX
Verge,Dogecoin
Bytecoin-bcn,Siacoin
Steem,Hshare
BitShares,Siacoin
BitShares,Stratis
BitShares,Hshare
Siacoin,Bitcoin-diamond
Siacoin,Komodo
Siacoin,Ardor
Wanchain,Dogecoin
Wanchain,Hshare
Wanchain,Syscoin
Bitcoin-diamond,Dogecoin
Bitcoin-diamond,Ardor
Bitcoin-diamond,Hshare
Dogecoin,Stratis
Dogecoin,Ardor
Dogecoin,Hshare
Dogecoin,Ark
Stratis,Hshare
Waves,Decred
Waves,Ardor
Waves,DigiByte
Waves,Hshare
Waves,Ark
Waves,PIVX
Waves,Syscoin
Komodo,Ardor
Komodo,PIVX
Ardor,Hshare
DigiByte,Hshare
Hshare,Ark
Hshare,Syscoin
